	overhang	start_index	end_index
0	ACTG	20	24
1	GCCA	24	28
2	CTAA	43	47
3	GCCA	56	60
4	AGAG	65	69
5	GACC	72	76
6	ACTG	82	86
7	GACC	90	94
8	AAGC	94	98
9	AGAG	101	105
10	ACTG	107	111
11	CTTC	126	130
12	AAGC	132	136
13	TCAA	136	140
14	CAAC	143	147
15	CTAA	151	155
16	GTGA	198	202
17	TCAA	217	221
18	CAAC	236	240
19	AGGA	247	251
20	GACC	251	255
21	CTTC	278	282
22	TACA	300	304
23	CCAG	314	318
24	GCCA	339	343
25	GTGA	360	364
26	GCCA	366	370
27	AAGC	389	393
28	GCCA	396	400
29	CAAC	416	420
30	CCAG	425	429
31	GGAA	430	434
32	GCCA	459	463
33	AGGA	463	467
34	GGAA	472	476
35	GTGA	489	493
36	CACG	497	501
37	AGAG	501	505
38	TGAA	505	509
39	GCCA	513	517
40	CCAG	520	524
41	ACTC	538	542
42	GACC	546	550
43	ACTG	553	557
44	ACTC	559	563
45	CAAC	566	570
46	GCCA	592	596
47	AAGG	603	607
48	ACAT	607	611
49	CCAG	617	621
50	CATA	627	631
51	ACAT	631	635
52	ACAT	640	644
53	GTGA	648	652
54	CGGA	666	670
55	ATAC	671	675
56	AAAA	690	694
57	AGAG	709	713
58	ACGA	715	719
59	AAGC	721	725
60	CACG	731	735
61	GACC	750	754
62	GGAA	766	770
63	CTTC	773	777
64	GATA	784	788
65	AAGC	789	793
66	ACTC	793	797
67	CTTC	800	804
68	GGAA	808	812
69	CACG	815	819
70	AACT	820	824
71	GACC	827	831
72	GACC	834	838
73	CTTC	866	870
74	GCCA	872	876
75	ACAT	880	884
76	ACGA	889	893
77	TGAA	895	899
78	AGGA	900	904
79	CAAC	905	909
80	GTGA	909	913
81	CGGA	913	917
82	ACTC	923	927
83	GCCA	945	949
84	CCAG	950	954
85	CGGA	960	964
86	AAGG	973	977
87	CTTC	977	981
88	GGAA	992	996
89	GACC	1008	1012
90	TGAA	1022	1026
91	GGAA	1026	1030
92	AAGC	1030	1034
93	AAGC	1035	1039
94	GACC	1065	1069
95	GCCA	1071	1075
96	GACC	1094	1098
97	CGGA	1102	1106
98	ACTC	1110	1114
99	GACC	1115	1119
100	ACTG	1125	1129
101	CGGA	1129	1133
102	CACG	1140	1144
103	CTTC	1145	1149
104	ACAT	1149	1153
105	GATA	1159	1163
106	CAAC	1175	1179
107	GTGA	1207	1211
108	AAGC	1221	1225
109	CTTC	1226	1230
110	ACTG	1230	1234
111	TACA	1260	1264
112	GTGA	1276	1280
113	ACGA	1280	1284
114	CAAC	1313	1317
115	AACT	1317	1321
116	CCAG	1322	1326
117	GCCA	1348	1352
118	GACC	1355	1359
119	CACG	1359	1363
120	AGGA	1369	1373
121	CTTC	1382	1386
122	AAGG	1389	1393
123	CACG	1413	1417
124	CACG	1422	1426
125	AGCA	1426	1430
126	AACT	1431	1435
127	CACG	1443	1447
128	ATCG	1467	1471
129	GCCA	1473	1477
130	GCCA	1483	1487
131	GCCA	1497	1501
